Tweets	Links	Search term (exactly this expression)	Location	Sentiment
The roads are quite bad x	https://twitter.com/kezsajm/status/975267792978145288	quite bad	UK (Bristol)	neg
Bridesmaids is actually quite poor, disappointed	https://twitter.com/amymoylett1/status/283323759585280000	quite poor	UK (Bristol)	neg
Doctors is so bad its actually quite terrible	https://twitter.com/RowanNevin96/status/453517734933168128	quite terrible	UK (Bristol)	neg
The end sequence is really quite good	https://twitter.com/bristolsqueezed/status/976199117331460098	quite good	UK (Bristol)	pos
Everyone was placed together on one table so it was quite nice x	https://twitter.com/nudecleaning/status/976407193594494976	quite nice	UK (Bristol)	pos
Wish I was still playing beer pong in the sun! Why is the British weather so terrible	https://twitter.com/HarryFordy/status/730005121426284544	so terrible	UK (Bristol)	neg
Always seems to be something to put me in a bad mood	https://twitter.com/tomgrif16/status/975787541017321473	bad	UK (Bristol)	neg
My dreams are so awful at the moment, they're actually putting me off going to sleep. Why ğŸ˜­	https://twitter.com/rosieb94/status/977308870526849024	awful	UK (Bristol)	neg
Thousand Autumns ... is my favourite, (best of a very good bunch). Fantastic book	https://twitter.com/_CBTBristol/status/976594260807077888	very good	UK (Bristol)	pos
The snacks look very good! We canâ€™t wait to tuck in! #uxtailsoup	https://twitter.com/SixAgencyUK/status/976162609933312007	very good	UK (Bristol)	pos
Lloyd Kelly is going to be some player when he's older was very good today	https://twitter.com/GaryRussell36/status/975085214832775168	very good	UK (Bristol)	pos
I hope my insomnia goes away tonight. I don't fancy being awake at 4am again.	https://twitter.com/mrandrewdknight/status/976507179007184896	don't fancy	UK (Bristol)	neg
I donâ€™t like people who sugar coat things. Say it how it is, or donâ€™t say anything at all. Move away with that pussy ass energy.	https://twitter.com/asenatutora_/status/976086405062578176	don't like	UK (Bristol)	neg
Not ashamed to admit that I love a musical! Jersey Boys was fabulous!! @ Bristol Hippodrome	https://twitter.com/leonarunss/status/609786191970443264	not ashamed	UK (Bristol)	pos
Free drink at work- don't mind if I do :+1:ğŸ¼	https://twitter.com/LucyAppleby28/status/590615951156056064		UK (Bristol)	pos
Not ashamed to admit Dolly made me cry #legend #Glastonbury #DollyGlasto #only1DollyParton	https://twitter.com/sarsjane22/status/483312757346160640	not ashamed	UK (Bristol)	pos
Rain isnâ€™t that bad really! Beautiful reflections this morning here on Clifton Down @bbcrb @BBCBristol @theemmabritton - Happy Friday everyone!!	https://twitter.com/BrisVADAR/status/974540825173504002	not bad	UK (Bristol)	pos
Conditions are not good out here #Bristol stay at home... we're still getting out but the roads are not good	https://twitter.com/sean_police/status/975262139920338944	not good	UK (Bristol)	neg
Halal & Kosher meat is slaughtered cruelly .normal slaughter is bad enough but this should be banned #countryfile	https://twitter.com/JenRandall6/status/975461957099769856	meat	UK (Bristol)	neg
Terrible bar concept in the most beautiful of spaces. Such a wasted asset whoever runs #Bristol	https://twitter.com/piehead/status/667060200445202432	terrible	UK (Bristol)	neg
constantly feeling fat and ugly	https://twitter.com/kathbxxx/status/976789313898844161	ugly	UK (Bristol)	neg
I should have taken the day off I feel horrible	https://twitter.com/NoSmellSyd/status/643327537242882048	horrible	UK (Bristol)	neg
Today sucks. Iâ€™m cramping hard and itâ€™s the anniversary of two of my friendsâ€™ deaths. Someone please send me cat memes whilst I play Overwatch and cry.	https://twitter.com/essyxx/status/977928202214625280	sucks	UK (Bristol)	neg
So excited to find this @alpro unsweetened yoghurt! I really try to use plant based products	https://twitter.com/flossiedee23/status/967458253855539205	plant	UK (Bristol)	pos
Nice little snow walk at 8:30 this morning in Peasedown St John #snowday #BeastFromTheEast2 #Peasedown #bathuk @psjresidents	https://twitter.com/Coffeeandknit/status/975301830380019713	nice	UK (Bristol)	pos
Finishing off a good day with a good drink! ğŸ¹ğŸ¹ #disaronnosour	https://twitter.com/hayleythatcher/status/972585512530825216	good	UK (Bristol)	pos
Delicious vegan cakes this morning!! Definitely coming back for more very soon	https://twitter.com/flossiedee23/status/964858143124672513	vegan	UK (Bristol)	pos
It's really unfair how beautiful redheads are ğŸ˜˜ğŸ˜±	https://twitter.com/StevieJBee/status/1052685956741062657		UK	pos
Hope you had an awesome day. It was great to have you with us Matt, you were all brilliant and so enthusiastic and took to it so well! Hopefully see you soon ğŸ‘	https://twitter.com/redshepherdess/status/1052661532016951301		UK	pos
It was sooooo well done. Best series In a long time. The story of the twins all the way through was just so beautiful and sad	https://twitter.com/StevieJBee/status/1052300359119429632		UK	pos
Just finished watching #TheHauntingOfHillHouse. If you don't cry like a baby at the ending, you have no soul. Oh my goodness, the feels were way too strong. What a brilliant show. Enjoyed every single minute from beginning to end.	https://twitter.com/thatbrendanfan/status/1052295329314410498		UK	pos
I loveeeeee using face masks my skin feels amazing	https://twitter.com/EmilyJR_/status/1051926727931367424		UK	pos
I love the U.S office so much	https://twitter.com/hannstod/status/1051578712783839232		UK	pos
It is an absolute pleasure I have made some amazing friends and connections over the years #mutual #buildingsocieties #workfamily	https://twitter.com/teamaskins/status/1050458192512249856		UK	pos
Ooo, he looks lovely!	https://twitter.com/HelenT_tax/status/1052301543276507136		UK	pos
Fantastic to be a part of Year 5 trip to Carlisle Castle & archives, walking in the footsteps of the Tudors! @BeaconsideCofE	https://twitter.com/Fyjoph/status/1050769158886084608		UK	pos
Lovely job there Mark!	https://twitter.com/EdenDecorating/status/1050416327545036800		UK	pos
Well done Jay Dog. Good work and very well deserved. ğŸ‘	https://twitter.com/norsive/status/1053071608372453376		UK	pos
Gorgeous knickers on your sexy bum ğŸ˜ŠğŸ˜ŠğŸ’‹ğŸ’‹	https://twitter.com/cherylannemk/status/1053044927612047362		UK	pos
i just watched Nerve, it's such a good film	https://twitter.com/FCWMusicalLover/status/1053042355014635527		UK	pos
The bathroom scene was legit the best bit	https://twitter.com/ChairmanBLAOW/status/1053041638757621766		UK	pos
Just started Mandy. It's very pretty.	https://twitter.com/ChairmanBLAOW/status/1053041638757621766		UK	pos
The album is awesome.	https://twitter.com/garyd74/status/1053034650824790017		UK	pos
Doctor foster is soooo good oh shit I am hookedğŸ™€ğŸ™€	https://twitter.com/taneesha_jayne/status/1053024741475405825		UK	pos
How good are fresh sheets and shaved legs ğŸ˜ğŸ˜  #classicgirltweet	https://twitter.com/chlonicole_x/status/1053024376004710400		UK	pos
Good photo!! Great food!!ğŸ˜‹ğŸ˜‹ğŸ˜‹xx	https://twitter.com/anglesey42/status/1053015759943860229		UK	pos
You fabulous beautiful maniac.	https://twitter.com/cdwood2010/status/1053012542916911104		UK	pos
SO COOL!!!!ğŸ˜®	https://twitter.com/hollyrosiewhits/status/1053008984540676097		UK	pos
I've made pork burgers with smoked cheese & humble brag, they are darn good...	https://twitter.com/cakevscales/status/1052995474905620480		UK	pos
Best. News. Ever ğŸ™ŒğŸ»	https://twitter.com/PinksCharming/status/1052984716285087744		UK	pos
Looking good, canâ€™t wait to see the finished job ğŸ‘	https://twitter.com/neil_bunning/status/1052981083279683584		UK	pos
I've listen to a lot of their stuff. Yes very good stuffğŸ‘ğŸ»	https://twitter.com/garyd74/status/1052979276075679749		UK	pos
Only watched the first 15 minutes so far. Looks like it will be good. O'driscoll and Rory best in it	https://twitter.com/Doyle_liam/status/1052978449864945665		UK	pos
If you haven't already watched #TheHauntingofHillHouse then I surely recommend that you do. It's just the best thing I've watched in so long. Just great cinematography.	https://twitter.com/tobyw7/status/1052974630720495617		UK	pos
Wow really goodğŸ˜€	https://twitter.com/hereforasmile/status/1052973763774636032		UK	pos
You both look gorgeous!! Xx	https://twitter.com/fashionbellee/status/1052966834159403008		UK	pos
I just finished the episode about the (cant remember his name..) milky-way kid. It's def the best episode by far with the best 'scary thing' as it was just so reminiscent of a Del Toro's style imo.. <3 He's also got the best story and makes you feel so bad for him. :'(	https://twitter.com/MandyBz/status/1052963671494807552		UK	pos
Love her face markings truly beautiful	https://twitter.com/PurpleeileenE/status/1052960734928359425		UK	pos
Had such a lovely experience today with Danny from @SkyUK He helped me find the best package for my home and shared his inner love for Disney with me . It was a pleasure talking him, a credit to the company ğŸ˜Š	https://twitter.com/PhoebeMcelvenna/status/1052944213090951168		UK	pos
Heated blankets honestly are the best thing ever ğŸ˜ #coldnight	https://twitter.com/Naomi_D33/status/1053028094586572800		UK	pos
Lili Reinhart is an absolute gem, sheâ€™s so beautiful	https://twitter.com/emily_may_carr/status/1053025823001911296		UK	pos
Itâ€™s honestly the best piece of TV Iâ€™ve seen all year, really well done on it	https://twitter.com/CharlyWestcott/status/1053022947592589312		UK	pos
Beautiful handwriting xx	https://twitter.com/debbiorchid/status/1053021448363802624		UK	pos
city have the best fans everr by far	https://twitter.com/gemma_juice/status/1053019925307187201		UK	pos
St James will be beautiful in the spring.	https://twitter.com/g1uqf/status/1053002760717787136		UK	pos
I do really love the deliciously ella cookbooks and I'm not veggie or vegan	https://twitter.com/cakevscales/status/1052997985293017089		UK	pos
I have the first one and it's lovely, or try her website as a good starting point :)	https://twitter.com/cakevscales/status/1052997985293017089		UK	pos
I'm home and in my pj's after having the absolute best time in #Darlington. Thank you @Socitm_ne for hosting #North18. Can't wait to do it all again next year ğŸ˜€ğŸ˜€	https://twitter.com/channi2909/status/1052994418221993985		UK	pos
A beautiful painting.	https://twitter.com/MillsMc07/status/1052990511584354304		UK	pos
It is great to know there are good people like yourself helping others ğŸ¥‚	https://twitter.com/Hea_Inspiration/status/1052984345865129990		UK	pos
Wow beautiful mansion :-)	https://twitter.com/heathshenk/status/1052936699528077318		UK	pos
The best band to stan no doubt â¤â¤â¤	https://twitter.com/ChrissyTopStar/status/1052929406157635584		UK	pos
@morgandaisie happy birthday you beauty, hope you have the best day everrrrr ğŸŒ¹âœ¨	https://twitter.com/amberxgriffiths/status/1052892274290495488		UK	pos
Tremendous stuff. Mate Iâ€™d forgotten how many brilliant songs she had. Top voice.	https://twitter.com/toffeeboy666/status/1052878729955946496		UK	pos
I was a HUGE fan of hers back in the day, even got a signed pic!! ğŸ˜‚	https://twitter.com/toffeeboy666/status/1052878729955946496		UK	pos
Thank you Carrie! Aw thanks hun! Miss ya!! hope youâ€™re having the best time at uni!! Xx	https://twitter.com/sidrawoodward/status/1053067420708016133		UK	pos
Hilarious, best programme on tv atm	https://twitter.com/megzibookster/status/1053050835314376704		UK	pos
honestly the best response Iâ€™ve ever heard	https://twitter.com/BourbonUniverse/status/1053050803508916225		UK	pos
Louis Litt is the best character on Suits by far ğŸ˜­	https://twitter.com/thisissajan/status/1053049331140517895		UK	pos
Awesome series lad finished it too good	https://twitter.com/thisissajan/status/1053049331140517895		UK	pos
Great atmosphere tonite. Great to see so many people. Looking forward to next week. Good job everyone.	https://twitter.com/salsaricauk/status/1053050498432020481		UK	pos
Excellent show by @turinbrakes @roadmender in Northampton! I was at the show in the bar with Ed Harcourt back in the day & tonight was just as good!	https://twitter.com/wellyowl/status/1053048112720306187		UK	pos
I love it. 90s films have a bad rep but some were glorious.	https://twitter.com/FCWMusicalLover/status/1053042727158460421		UK	pos
Nah man the twist in last episode was epic	https://twitter.com/thisissajan/status/1053049331140517895		UK	pos
Can someone give me some tips on fun exercises I can do from home? What apps are good? Iâ€™m walking loads, but thatâ€™s itğŸ˜Š	https://twitter.com/megpartridge30/status/1053001008429891585		UK	neu
Be with someone who brings out the best in you not the stress in you	https://twitter.com/shayleenclark/status/1052962259641741313		UK	neu
Remember Jonnyâ€™s Hotshots many years ago?!!	https://twitter.com/will_hooley/status/1052951869344092161		UK	neu
Been thinking this the whole series	https://twitter.com/cloverbutter1/status/1052949472173596673		UK	neu
Mental health is still very taboo. The fear of judgement and/or impact on future opportunities is very tangible.	https://twitter.com/AzureTrenches/status/1052945988678238212		UK	neu
When you poke at such a project you generally, in my experience, find the "why" doesn't have a good or coherent answer. There's nothing wrong with the technology (e.g. Cosmos) but its not a great candidate for the problem (at least not on its own).	https://twitter.com/AzureTrenches/status/1052943559232503808		UK	neu
Good evening, Sian. We apologise for the delay in response. Can you please confirm to us what you're trying to register for? If you can private message us, we can look into this for you.	https://twitter.com/AudiUKCare/status/1053026785422659584		UK	neu
let me remind yâ€™all that this song has a J Cole verse on it in cdq form somewhere	https://twitter.com/RyanNice/status/1053003196120125445		UK	neu
Good evening, @__LadyC__. We're disappointed to hear about your long wait. Please send us the VIN and the name of the person you've been dealing with at the Centre in a DM, and we'll look into it for you.	https://twitter.com/AudiUKCare/status/1053000928448647168		UK	neu
Everything these days is done â€œwellâ€ well is no longer good enough In a world of too much choice and too little time. Itâ€™s time to go beyond, time to be REMARKABLE...or be forgotten	https://twitter.com/Penthouselord/status/1052952477321048064		UK	neu
We've been thinking of a new way to personalise our wraparound ring binders. This is a movable leather tag on the wrap cord with tooled initials, it also doubles up as a handy extra pen loop. What do you think? Is this a good idea?	https://twitter.com/EarthworksJason/status/1052946982266916868		UK	neu
Iâ€™m after a designer to make me a mascot logo. Iv already got a concept but it needs working on. I want it look good but also donâ€™t want to pay more than Â£30. Whoâ€™s out there?	https://twitter.com/mat_blackwell/status/1052928587278544896		UK	neu
When the assistant in @Foyles suggests a good new book for you but you are already buying three and must restrain yourself #stillthinkingaboutit	https://twitter.com/jessicasmithsop/status/1052911244078923777		UK	neu
He's never said it in public so you have to take it with a pinch of salt, plus it's not a black & white Canada+ deal. More of a 'Switzerland plus without FoM and regulatory harmonization', again not good at all	https://twitter.com/HepperleJoe/status/1052884745002991616		UK	neu
That was deemed impossible like 18 months ago? If we get extra, Canada and other countries will demand the same, it's written in the CETA. It simply doesn't work with NI phase 1 agreement, 'find a solution' is just wishful thinking without regarding actual reality	https://twitter.com/HepperleJoe/status/1052884745002991616		UK	neu
I reckon youâ€™ll be surprised. I fully believe theyâ€™re willing to leave with no deal.	https://twitter.com/HepperleJoe/status/1052884745002991616		UK	neu
The 2018-19 Schumacher Indoor Masters kicked off this weekend, a strong field of some of Europe's best saw wins for Neil Cragg and Lee Martin RC - Report, results and video's	https://twitter.com/SchumacherRC/status/1052890807122976768		UK	neu
Ready to waste the rest of your afternoon? Google has a little-known doppelgÃ¤nger tool! Pretty sure you should definitely drop whatever you're doing and play with it... I got: "Best guess for this image: gentleman"	https://twitter.com/SpinksCreative/status/1052886769174269954		UK	neu
Standard discs. Based on the miles they've covered and how you drive your dealership really should look at the calipers and the pads to make sure there's no faults. If they flat out refuse to deal with it, escalate it, but be nice, it goes a long way. Hope that helps.	https://twitter.com/Jack_Allonby/status/1052878745546063872		UK	neu
Yeah can someone please tell me when the 2019 RS3 will be released??	https://twitter.com/Jack_Allonby/status/1052801969344135168		UK	neu
Hi, Katherine. We don't have an official date for the model year 19 RS 3, if you would like to be contacted when this is available to order and test drive, private message us your full name, contact number, postcode and we'll be in touch.	https://twitter.com/Jack_Allonby/status/1052801969344135168		UK	neu
Take the car to Audi, these things just happen, cars arenâ€™t perfect.	https://twitter.com/Jack_Allonby/status/1052801969344135168		UK	neu
Audi are aware of the problem and there is no solution.	https://twitter.com/Jack_Allonby/status/1052801969344135168		UK	neu
I'm always nice, especially when I need someone's help and co-operation. Also, all the staff are employees so if you get rude, forget them doing anything for you lol Still, it's a problem Audi are aware of and a large number of cars are affected.	https://twitter.com/Jack_Allonby/status/1052801969344135168		UK	neu
â€œTrue intuitive expertise is learned from prolonged experience with good feedback on mistakes.â€ - Daniel Kahneman #intuition #experience #quote	https://twitter.com/johnmcfadyen/status/1052877578346946560		UK	neu
Tell yourself 1 positive thing you like about yourself every day. For example, today I find it funny that I always have a craving for mashed potatoes.	https://twitter.com/vapingwithsj/status/1052877511477133313		UK	neu
We read about 300 reports of innovation each year as part of @Charity_Awards and almost all of the good stuff is coming from small-to-medium charities.	https://twitter.com/daveainsworth4/status/1052877242156474368		UK	neu
One issue is about the lack of innovation in large companies - lots of research on this - & whether that is true for charities. If so, stasis of large is bad. I think there is (scruffy, incomplete) evidence that innovation comes from smaller charities, as happens with companies.	https://twitter.com/daveainsworth4/status/1052877242156474368		UK	neu
No, totally agreed (have seen people present this as both a positive & a negative!) BUT think stability & lack of change interesting re: 1.) â€˜birth rateâ€™ 2.) how orgs in the social economy are capitalised 3.) why this means the â€˜birth rateâ€™ is as low by comparison	https://twitter.com/daveainsworth4/status/1052877242156474368		UK	neu
Iâ€™ve seen opinion pieces that do things like show the 10 biggest companies, 20 years apart, to show they are vastly different - and then do the same for charities and show no change. I dont think that proves what people want to say, but these sorts of trends are of interest!	https://twitter.com/daveainsworth4/status/1052877242156474368		UK	neu
If many of the charities start in 1961 that means average age is wildly different from other forms. Am now interested in this number. We could definitely do a piece on it.	https://twitter.com/daveainsworth4/status/1052877242156474368		UK	neu
Ha, yes that would complicate a straight calculation. Completely agree though that these kinds of basic stats would be very useful. Not least since funding goes in waves (will recent interest in start ups lead to longer lasting orgs than avg?).	https://twitter.com/daveainsworth4/status/1052877242156474368		UK	neu
Thereâ€™s definitely churn - about 5000 are removed every year. But average age I dont know. I think we can calculate that, though it would need quite a bit of detective work (problem is large % will have a born date of 1961, when the register started)	https://twitter.com/daveainsworth4/status/1052877242156474368		UK	neu
Do charities? I assume Karl will know!	https://twitter.com/daveainsworth4/status/1052877242156474368		UK	neu
I trust Gedâ€™s maths! Worth looking at longevity in thinking about this. The average age of companies on the register is 8 yrs (is that right, Ged?), so even if annual births and deaths are a little hard to calculate, there must be plenty of churn or that number would be higher.	https://twitter.com/daveainsworth4/status/1052877242156474368		UK	neu
New #coops seem to run at c. 250 p/a in the UK (including conversions?) with some spikes in e.g. employee ownership numbers in Scotland in rcent years, so seems about right (but ask Gen is my maths and / or understanding of the data is broadly correct)	https://twitter.com/daveainsworth4/status/1052877242156474368		UK	neu
- Private limited companies account for c. 96% of all corporate body types on the register - During 2017/18, there were 620,285 incorporations in total - So between several hundred and few thousand is what we are looking at for CLGs per annum?	https://twitter.com/daveainsworth4/status/1052877242156474368		UK	neu
- 42,174 Guarantee Companies with exemption from using 'Ltd / Limited' (many of these will probably have Registered Charity status, I'd guess?) - that's 1% of the register - & 105,092 Guarantee Companies - that's c. 2.5% of the total register	https://twitter.com/daveainsworth4/status/1052877242156474368		UK	neu
@nicktemple1 you could take a rough stab at the 'birth rate' of similar organisation Karl (have been doing something on this with @My_impact_is recently... watch this space) .. but - There are over 23 types of corporate body held on the register	https://twitter.com/daveainsworth4/status/1052877242156474368		UK	neu
Yes, Iâ€™ve heard many say that. Iâ€™d love to get some stats on the number of companies ltd by guarantee, with a social purpose, for the same year.	https://twitter.com/daveainsworth4/status/1052877242156474368		UK	neu
4/ We're also often told that for people who want to do social useful things, there are other options to the crusty old model of charity - with its over-regulation and old-hat governance model. But look at CICs - 2,844 established last year. Half number of charity applications.	https://twitter.com/daveainsworth4/status/1052877242156474368		UK	neu
3/ First, it feels sometimes like people don't like the charity model anymore: trust falling is a common narrative. But this suggests something different (as do the figures for the total income of registered charities, which goes up every year). People still believe in charity.	https://twitter.com/daveainsworth4/status/1052877242156474368		UK	neu
2/ Thereâ€™s also some stats in there about how long it takes (50-odd days; its getting quicker). But I really think that increase in applications to register a charity is a thing. A couple of reasons.	https://twitter.com/daveainsworth4/status/1052877242156474368		UK	neu
1/ The Charity Commission has just written to parliament to say that the number of applications to register a charity has increased by 40% in 5 years. 40%. So last year, there were 8,375 applications to register a charity.	https://twitter.com/daveainsworth4/status/1052877242156474368		UK	neu
Tonightâ€™s news: Ellie means to call herself delirious, makes a typo and calls herself delicious...	https://twitter.com/BourbonUniverse/status/1053066607168311296		UK	neu
I hope we can add something to the comittee amd those that travel with us its a good bunch of people who all support the cobblers	https://twitter.com/kwscott29/status/1053046301288554497		UK	neu
Iâ€™m not attending this year but I will be at the Wildhearts gig in London. If you could make that extra good so I donâ€™t feel like Iâ€™m missing out, Iâ€™d appreciate it. Thank you :)	https://twitter.com/danielleeverett/status/1053036468447395842		UK	neu
Intro offer Â£17.99  Our new skinny coffees are the best out there. BRAND NEW FORMULA packed with superfoods Will be Â£22.99 from Monday so GRAB IT QUICK! 30 day pack! Bargain!	https://twitter.com/NB_Slimming/status/1053018317487792128		UK	neu
Can you send me a pic of what it looks like with 2 word docs, side by side at 100% zoom with navigation pane displayed? Been thinking of this setup instead of 2 screens. Thatâ€™s what I spend a lot of time doing.	https://twitter.com/leighakendall/status/1053017904965476352		UK	neu
I thought you left boxing?	https://twitter.com/SeeJayRead/status/1055840410051006465		UK	neu
Looking for up to 3 for Cardiff at home tomorrow. Trusted buyer and seller. RT appreciated.	https://twitter.com/princeamrit10/status/1055839806645788673		UK	neu
But perhaps some values etc they teach are true?	https://twitter.com/ETollinton/status/1055839282328489984		UK	neu
Because they will buy them elsewhere.	https://twitter.com/JoustingJim/status/1055839261835124737		UK	neu
Itâ€™s fairly new (~12 months) and primarily is used as a sales tool.	https://twitter.com/WillFealey/status/1059784586484428801		UK	neu
Do you have a hi-res version of this image? Need one on a canvas in my house!	https://twitter.com/Jack_Allonby/status/1059781191551905792		UK	neu
Can we not start a crowdfunding page to fund investigation into these Tory/UKIP/Newspaper magnates dodgy business dealings?	https://twitter.com/CRMKTransmitter/status/1059781122467487744		UK	neu
I don't think the link will work because it seems you have typed the location of the file on your computer	https://twitter.com/CraigS0309/status/1059780581804990464		UK	neu
@BritishGasHelp Hi Just seen I can get Hive heating for Â£124 and a free Dot (great offer). My house has separate heating zones upstairs and down, therefore would I need to buy anything else if I wanted to install Hive in my house?	https://twitter.com/Adrian69Tweets/status/1059772035113672709		UK	neu
Yes, I agree. Thatâ€™s why I quote-tweeted rather than simply retweeting.	https://twitter.com/dr_d_allington/status/1059769896605831168		UK	neu
The lengths I go to to be stubborn fuck you Ibis you bunch of money grabbing bastards	https://twitter.com/katie_conboy/status/1059779380476633089		UK	neg
Awful decision to allow a pedestrian crossing over a grid road. Should have forced an underpass or bridge to be built	https://twitter.com/Caitch22/status/1059422349735444480		UK	neg
What a prick. Tried reporting it to police Scotland but canâ€™t as Iâ€™m in England. Horrible video :(	https://twitter.com/a_weir/status/1059771371729887233		UK	neg
Those pics are just so awful x	https://twitter.com/EmmaWise100/status/1059802289081405445		UK	neg
Constantly seeing shit that pisses me off	https://twitter.com/rebeccazoee98/status/1059800420086964225		UK	neg
I got broccoli soup for lunch but burnt my tongue so I guess Iâ€™ll never know if I actually like it or not cause now I canâ€™t taste shit	https://twitter.com/Bethanblog/status/1059790133925429249		UK	neg
Iâ€™m having a shit week and I just want to go back to bedğŸ™„ğŸ˜’	https://twitter.com/yass_elizebeth/status/1059782160750645248		UK	neg
Going gym without headphones is fucking horrible	https://twitter.com/smxth_/status/1059774086774226944		UK	neg
Having to wait till payday for a trim is the worstğŸ¤§ğŸ¤§ğŸ¤§ğŸ¤§	https://twitter.com/_KyleWills/status/1059766632149598208		UK	neg
Grief after someone very close to you dies is the most painful thing in the world. It makes all other problems you have been through feel so small and irrelevant.	https://twitter.com/RichHarv10/status/1059764641281331201		UK	neg
It's the worst thing about holidays everyday life just seems so dull after.	https://twitter.com/mkdebs/status/1059763405341581312		UK	neg
I think I can sum up my feelings at the moment in one word: dissatisfied. I think it's been the case since returning from Canada and Florida just distracted me from it.	https://twitter.com/mkdebs/status/1059763405341581312		UK	neg
We have a guest at the dinner table	https://twitter.com/Frenchd0gblues/status/976544994977898496	dinner	UK (Bristol)	neu
this issue is primarily about Japanese-owned plants located in UK to serve EU mkt - higher costs & they relocate.	https://twitter.com/billgdavies/status/970273827350605825	plant	UK (Bristol)	neu
So today I bought liability insurance, registered as self-employed for my #BODYCOMBAT teaching	https://twitter.com/PaulTMarsh/status/923309731963432961	insurance	UK (Bristol)	neu
Panel debate on sustainable solutions: diversity at work - wrapping up now #RAeSWAAC @AeroSociety @AltaMentoring	https://twitter.com/stella_warren/status/660138228587044864	sustainable	UK (Bristol)	neu
Making notes and reading articles. One line of thinking leads to anotherâ€¦ circular journal article tracing. Online libraries are a boon to the researching person.	https://twitter.com/xkylet/status/938056711474241536	library	UK (Bristol)	neu
It's starting to thaw here	https://twitter.com/TimWorth1/status/969876632554139648		UK (Bristol)	neu
I'm making a bot that generates art critiques. Preliminary tests prove it could maybe be more constructive with its criticism	https://twitter.com/_samdraws/status/977672321052921856	art	UK (Bristol)	neu
I spoke with bristolwastecompany recently about food waste, compost and personal responsibility	https://twitter.com/Saralimback/status/796985101598896129	waste	UK (Bristol)	neu
First attempt at computer controlled astrophotography...target Messier 42, The Orion Nebula	https://twitter.com/AdamJaufurally/status/949798307685048320	computer	UK (Bristol)	neu
Deactivated my FB account (temporarily, possibly). On @twitter Iâ€™ve always assumed to be in public but my social contract with @facebook was for some safety, privacy for me and my friends.	https://twitter.com/thomleg/status/975139752692379648	privacy	UK (Bristol)	neu
Bristol: Dry and bright with sunshine but also patchy cloud. Max 12c Wind W 12mph Chance of precip: 30% Min 7c	https://twitter.com/Brist_Weather/status/978134809343033344	weather	UK (Bristol)	neu
Youâ€™ve had all of this and Iâ€™ve just replied to the original message your colleague sent. You are meant to be a global company but you operate like you run out of someoneâ€™s back bedroom. Iâ€™ve never had such awful service in all my life. The number for complaints please....	https://twitter.com/andyb_1981/status/1059752691478511616		UK	neg
You've been banging on and crying for 2 yrs and this so called result is literally a few points ahead you're clutching at straws and still banging on about it ...Stop enough already it's boring I'm sick to the back teeth of this...	https://twitter.com/rafatjah/status/1059745027574976515		UK	neg
Honestly feel like shit Cba	https://twitter.com/chelsdrywood/status/1059738936627642371		UK	neg
Diabetes is all in all the worst thing that has ever happened to me	https://twitter.com/_meganxjansen_/status/1059735931710832640		UK	neg
Benedict Cumberbatch is such a shit actor. Terribly overrated. He plays the same character in everything he's in. Why does he keep getting work???	https://twitter.com/Karl_Downey/status/1059733467062329344		UK	neg
It really is difficult to pick the least obnoxious between these two low-lifes.	https://twitter.com/LaurenceMcBeth/status/1059732998952796161		UK	neg
Pathetic dismissals	https://twitter.com/buntz_1981/status/1059731929912786944		UK	neg
As unpalatable as the Grenfell effigy burners were, what actual crime(s) have they committed?? Being an insensitive Arsehole isnâ€™t a crime the last time I looked.	https://twitter.com/oasispj38/status/1059727633452335105		UK	neg
lazy awful people	https://twitter.com/FCWMusicalLover/status/1059723247082790912		UK	neg
If you are going to have fireworks on the beach the least you can do is bin the rubbish ğŸ˜¡ Unacceptable!	https://twitter.com/melbear29/status/1059484989794988035		UK	neg
I actually have no words. Just seen the news about #GrenfellEffigy who the f**k would do something so disgusting.ğŸ˜¡ğŸ˜¡	https://twitter.com/donnacheer/status/1059712009648984066		UK	neg
So i guess he donâ€™t sit there on an anniversary of a family members death and remember them! He also sits there on national tv wearing a poppy! What a joke. I am raging! He is a disgusting human being (well I donâ€™t actually know if he is human after all)	https://twitter.com/kthugs82/status/1059706226924232705		UK	neg
These people are horrible. Btw whatâ€™s happened to inquiry into council, planners and builders who allowed the real building to burn? Not seen on TV lately.	https://twitter.com/MannersPR/status/1059705342739841024		UK	neg
whenever i wake up and have no notifications i know my day is going to be awful	https://twitter.com/miakoloszko/status/1059689291016818688		UK	neg
Hopefully not she is horrible	https://twitter.com/JeremyS90505373/status/1059636386532331520		UK	neg
finally getting more confident with my skin & the past few days iâ€™ve been waking up with the worst breakoutsğŸ˜¢	https://twitter.com/jordxnne_/status/1059629712404893696		UK	neg
OL terrible. Absolute shambles this season.	https://twitter.com/Greg_Kett/status/1059618735445733376		UK	neg
Honestly I'm surprised you watched it mate, couldn't think of anything worse to watch as a neural haha, showed glimpses? That is one of the worst performances from start to finish I've seen from us we were pathetic and won't survive if we keep our manager imo	https://twitter.com/jackfts/status/1059607480844673027		UK	neg
All for fireworks but why canâ€™t they make them without the noise, my dogs are so scared itâ€™s horrible to see my babies this wayğŸ˜©â˜¹ï¸	https://twitter.com/natalieelsey1/status/1059512176094990337		UK	neg
Bloody annoying ğŸ˜¡xx	https://twitter.com/natalieelsey1/status/1059512176094990337		UK	neg
Yes very disappointing to see the likes of Google and Facebook in there, theyâ€™re hardly going to respect peopleâ€™s privacy as their business models rely on exploiting personal information and privacy.	https://twitter.com/RobBluedreamer/status/1059602809048498176		UK	neg
Same here! I see it the same way. Horses dying in a race seems to be a common occurrence too, it's awful	https://twitter.com/Goat0fWisdom/status/1059601537176088576		UK	neg
Pathetic because it violated European law ..sick of this shit..	https://twitter.com/rafatjah/status/1059583074483257344		UK	neg
Bloody hell thats awful	https://twitter.com/caroline_pbo/status/1059582381001228288		UK	neg
my skin is very bad help xx	https://twitter.com/isabellarota_/status/1059580314459226112		UK	neg
Anything more annoying than videos not loading on here ???	https://twitter.com/daisylines_/status/1059576126538989568		UK	neg
If I get sleep paralysis again tonight Iâ€™m probs gonna kill myself cause I canâ€™t deal with that shit	https://twitter.com/Crywolfxo/status/1059574770134593537		UK	neg
I hope Akeem wins now not that awful foul mouthed fake Cameron	https://twitter.com/acbmk/status/1059568831256059906		UK	neg
Huddersfield were shit as well to be honest	https://twitter.com/marcgaustin/status/1059566588314222593		UK	neg
This is going to be controversial, but it's the truth. You choose your sides, choose who you ally with. Those racist, lowlife scum who burned a cardboard Grenfell will be Brexiters. Of that I've no doubt. I could not tolerate lining up with them. I'd refuse to. Everyone should.	https://twitter.com/TimDouglasHR/status/1059565449476800517		UK	neg
It was disgusting	https://twitter.com/TimDouglasHR/status/1059565449476800517		UK	neg
Whoever shot and put together the promo pic for the spice girls announcement is so bad at their job I canâ€™t even cope. Composition. Please.	https://twitter.com/fionamcdonald_/status/1059563480523661312		UK	neg
Literally the worst football match I've ever been to.	https://twitter.com/Coops250709/status/1059557319720271873		UK	neg
And Caroline Lucas can fuck off she's such a stupid cow..	https://twitter.com/rafatjah/status/1059552639996825600		UK	neg
@Hermesparcels you are a disgrace. Worst customer service ever. Call yourself a business! Bunch of clowns! Liars. Should be done for fraud!	https://twitter.com/ab51alf/status/1059544914537693184		UK	neg
Pisses me off when people canâ€™t understand my banter shut the fuck up	https://twitter.com/_emilypellicci/status/1059544047319179264		UK	neg
They're annoying me so much, that I just want to blow them all up!	https://twitter.com/twoemjames/status/1059542847366537216		UK	neg
Absolutely disgusting. What is wrong with people?!	https://twitter.com/PeanessBand/status/1059519825029017603		UK	neg
Just cried watching that video of those fuckfaces burning a grenfell tower effigy. Psychopaths. Heartbroken and utterly disgusted by what our species is capable of.ğŸ˜°	https://twitter.com/PeanessBand/status/1059519825029017603		UK	neg
People are the worst	https://twitter.com/PeanessBand/status/1059519825029017603		UK	neg
What the actual fuck? Unbelievable	https://twitter.com/PeanessBand/status/1059519825029017603		UK	neg
Some people really are pathetic ğŸ¤¦ğŸ»â€â™€ï¸	https://twitter.com/Yeritsme_nicole/status/1059523493161775104		UK	neg
Missing someone is the worst feeling everğŸ˜¢ğŸ˜¢	https://twitter.com/milanmcole/status/1059520040196886528		UK	neg
in Birmingham and Iâ€™ve just realised how disgusting the accent is ğŸ¤¢	https://twitter.com/hollieingramx/status/1059497085609934848		UK	neg